Date,Daily Stoic,Daily Dad,Todays Thought,Week
1/1/2024,"NEW YEAR'S RESOLUTION
Whatever you resolve, let this be your year of yes.

""For how much trouble there is in knowing yourself—not just the qualities and capacities of your body, but what's inside, what you're good at, what position you might grow into."" — Marcus Aurelius

Marcus Aurelius reminds us that self-knowledge is one of life's greatest challenges. As we begin a new year, instead of making resolutions about what we'll avoid or restrict, let's commit to saying yes—yes to growth, yes to learning about ourselves, yes to becoming who we're meant to be.","TEACHING MOMENTS
Every interaction with your child is a chance to teach.

Today your child will make mistakes. They'll forget to say please. They'll leave their toys scattered. They'll test boundaries. These aren't failures—they're teaching moments.

Your patience in these moments teaches them about forgiveness. Your consistency teaches them about reliability. Your calm response teaches them about emotional regulation.","MORNING REFLECTION
What kind of person do I want to be today?

Before the day sweeps you away with its demands and distractions, pause. Ask yourself: What kind of person do I want to be today? Patient or hurried? Present or distracted? Kind or reactive?

This simple question can guide every decision, every interaction, every moment of your day.","WEEKLY WISDOM: THE POWER OF INTENTION
Setting intentional goals for the week ahead.

As we enter a new week, take time to set clear intentions. Not just tasks to complete, but ways of being you want to embody. Choose to be present. Choose to be patient. Choose to find joy in small moments.

""Every new beginning comes from some other beginning's end."" — Seneca

The week ahead is a blank canvas. Paint it with intention."
2/1/2024,"THE DISCIPLINE OF PERCEPTION
You have power over your mind—not outside events. Realize this, and you will find strength.

""You have power over your mind—not outside events. Realize this, and you will find strength."" — Marcus Aurelius

Today will bring events outside your control. Someone might be rude to you. Traffic might be heavy. Plans might change. But you have complete control over how you perceive and respond to these events. That's where your true power lies.","BEDTIME ROUTINE
The way you end the day matters as much as how you start it.

Creating a consistent bedtime routine isn't just about getting your child to sleep—it's about creating a sense of security and predictability. The bath, the story, the gentle conversation about their day—these rituals tell your child they are safe and loved.

Your presence during these quiet moments is a gift you give both of you.","EVENING GRATITUDE
What went well today?

Before sleep, reflect on what went well today. Not just the big victories, but the small moments of grace. The stranger who smiled. The problem that solved itself. The moment you chose patience over frustration.

Gratitude is the foundation of contentment.",
3/1/2024,"FOCUS ON WHAT YOU CAN CONTROL
Concentrate every minute like a Roman on doing what's in front of you.

""Concentrate every minute like a Roman on doing what's in front of you with precise and genuine seriousness, tenderly, willingly, with justice."" — Marcus Aurelius

The Romans were known for their discipline and focus. They didn't waste energy on things outside their control. Today, be like a Roman—focus completely on the task at hand, do it with genuine care, and let everything else fade into the background.","TEACHING BY EXAMPLE
Your children are always watching, always learning.

You don't need to give a lecture about honesty for your child to learn about it. They learn by watching you admit when you're wrong. They learn kindness by seeing you help a neighbor. They learn resilience by watching you handle difficulties with grace.

Your actions are their most powerful teacher.","PRESENT MOMENT AWARENESS
This moment is the only one that matters.

The past is gone. The future hasn't arrived. This moment—right now—is the only one you can actually influence. Instead of dwelling on yesterday's mistakes or tomorrow's worries, pour your full attention into this present moment.

What can you do right now to make it better?",
